{"cameraMode":{"drawMode":0,"name":"Shaded","section":"Shading Mode"},"sceneLighting":false,"audioPlay":false,"sceneViewState":{"showFog":true,"showMaterialUpdate":false,"showSkybox":false,"showFlares":true,"showImageEffects":true,"showParticleSystems":true,"showVisualEffectGraphs":true,"m_FxEnabled":true},"in2DMode":false,"pivot":{"x":-1.3423848152160645,"y":-0.5465794801712036,"z":-0.2452714443206787},"rotation":{"x":0.23878715932369233,"y":-0.06258782744407654,"z":0.01552413497120142,"w":0.9689809679985046},"size":1.8464100360870362,"orthographic":false}