{"cameraMode":{"drawMode":0,"name":"Shaded","section":"Shading Mode"},"sceneLighting":true,"audioPlay":false,"sceneViewState":{"showFog":true,"showMaterialUpdate":false,"showSkybox":true,"showFlares":true,"showImageEffects":true,"showParticleSystems":true,"showVisualEffectGraphs":true,"m_FxEnabled":true},"in2DMode":false,"pivot":{"x":1.202339768409729,"y":1.6386706829071046,"z":-1.9952671527862549},"rotation":{"x":0.0600893497467041,"y":-0.004517014604061842,"z":0.0002878850791603327,"w":0.9982253909111023},"size":0.4366050958633423,"orthographic":false}