{"cameraMode":{"drawMode":0,"name":"Shaded","section":"Shading Mode"},"sceneLighting":true,"audioPlay":false,"sceneViewState":{"showFog":true,"showMaterialUpdate":false,"showSkybox":true,"showFlares":true,"showImageEffects":true,"showParticleSystems":true,"showVisualEffectGraphs":true,"m_FxEnabled":true},"in2DMode":false,"pivot":{"x":0.9041747450828552,"y":0.22738409042358399,"z":1.7094275951385499},"rotation":{"x":0.1480693370103836,"y":-0.010409072041511536,"z":0.0015704476973041893,"w":0.9889224767684937},"size":1.7712621688842774,"orthographic":false}