{"cameraMode":{"drawMode":0,"name":"Shaded","section":"Shading Mode"},"sceneLighting":true,"audioPlay":false,"sceneViewState":{"showFog":true,"showMaterialUpdate":false,"showSkybox":true,"showFlares":true,"showImageEffects":true,"showParticleSystems":true,"showVisualEffectGraphs":true,"m_FxEnabled":true},"in2DMode":false,"pivot":{"x":1.463843584060669,"y":7.808183193206787,"z":-12.048873901367188},"rotation":{"x":-0.19850698113441468,"y":-0.010972440242767334,"z":0.0015724912518635393,"w":-0.9801827669143677},"size":2.382843017578125,"orthographic":false}