{"cameraMode":{"drawMode":0,"name":"Shaded","section":"Shading Mode"},"sceneLighting":true,"audioPlay":false,"sceneViewState":{"showFog":true,"showMaterialUpdate":false,"showSkybox":true,"showFlares":true,"showImageEffects":true,"showParticleSystems":true,"showVisualEffectGraphs":true,"m_FxEnabled":true},"in2DMode":false,"pivot":{"x":0.9942138195037842,"y":2.1593120098114015,"z":-5.0168657302856449},"rotation":{"x":0.16437463462352754,"y":-0.008900794200599194,"z":0.001499650301411748,"w":0.9864001274108887},"size":0.4366050958633423,"orthographic":false}