{"cameraMode":{"drawMode":0,"name":"Shaded","section":"Shading Mode"},"sceneLighting":true,"audioPlay":false,"sceneViewState":{"showFog":true,"showMaterialUpdate":false,"showSkybox":true,"showFlares":true,"showImageEffects":true,"showParticleSystems":true,"showVisualEffectGraphs":true,"m_FxEnabled":true},"in2DMode":false,"pivot":{"x":1.4885908365249634,"y":-0.9800467491149902,"z":1.1840052604675294},"rotation":{"x":0.3858601450920105,"y":-0.0041434927843511108,"z":0.0018273890018463135,"w":0.922601580619812},"size":2.355729579925537,"orthographic":false}